Name,Ch4EmissionRate,Ch4EmissionRateUnit,Co2eEmissionRate,Co2eEmissionRateUnit,Co2EmissionRate,Co2EmissionRateUnit,Country,EmissionFactorDataSource,EmissionFactorUpdateYear,LocationBasedOilMixPct,LocationBasedHydroMixPct,LocationBasedWindMixPct,LocBasedGeothermalMixPct,LocationBasedBiomassMixPct,LocationBasedCoalMixPct,LocationBasedGasMixPct,LocationBasedNuclearMixPct,LocationBasedSolarMixPct,LocBasedOtherFossilFuelMixPct,LocationBasedOtherFuelMixPct,LocBasedRenewableEnergyPct,MarketBasedOilMixPct,MarketBasedHydroMixPct,MarketBasedWindMixPct,MktBasedGeothermalMixPct,MarketBasedBiomassMixPct,MarketBasedCoalMixPct,MarketBasedGasMixPct,MarketBasedNuclearMixPct,MarketBasedSolarMixPct,MktBasedOtherFossilFuelMixPct,MarketBasedOtherFuelMixPct,MktBsdCo2eEmissionRate,MktBsdCo2eEmissionRateUnit,N2oEmissionRate,N2oEmissionRateUnit,PostalCodeSet,State,GridSubregion,OtherEmssnFctr
Armenia - AM - electricityMap 2020,,,232.63,G_PER_KWH,,,AM,"Based on data from electricityMap API, a global electricity emissions database. For more information, please visit api.electricitymap.org.",2020,0,19.85696445,0,0,0,0,47.25335532,32.88968023,0,,0,,0,19.85696445,0,0,0,0,47.25335532,32.88968023,0,,0,232.63,G_PER_KWH,,,,,,Fuel Conversion Factors - DEFRA EPA 2021
Argentina - AR - electricityMap 2020,,,342.49,G_PER_KWH,,,AR,"Based on data from electricityMap API, a global electricity emissions database. For more information, please visit api.electricitymap.org.",2020,1.529963794,19.91589929,6.563776447,0,0.06489029686,0.8511920592,57.81107365,6.9170753,0.8173187183,,5.528810447,,1.529963794,19.91589929,6.563776447,0,0.06489029686,0.8511920592,57.81107365,6.9170753,0.8173187183,,5.528810447,342.49,G_PER_KWH,,,,,,Fuel Conversion Factors - DEFRA EPA 2021
Austria - AT - electricityMap 2020,,,196.35,G_PER_KWH,,,AT,"Based on data from electricityMap API, a global electricity emissions database. For more information, please visit api.electricitymap.org.",2020,0,60.33032394,12.66939146,0,4.683434006,0,20.89776642,0,1.061568606,,0.3575155714,,0,60.33032394,12.66939146,0,4.683434006,0,20.89776642,0,1.061568606,,0.3575155714,196.35,G_PER_KWH,,,,,,Fuel Conversion Factors - DEFRA EPA 2021
Australia - New South Wales - AUS-NSW - electricityMap 2020,,,676.1,G_PER_KWH,,,AU,"Based on data from electricityMap API, a global electricity emissions database. For more information, please visit api.electricitymap.org.",2020,0.001456370138,4.546034183,8.244114044,0,0,80.38731246,1.530778486,0,5.290304453,,0,,0.001456370138,4.546034183,8.244114044,0,0,80.38731246,1.530778486,0,5.290304453,,0,676.1,G_PER_KWH,,,,,New South Wales,Fuel Conversion Factors - DEFRA EPA 2021
Australia - Queensland - AUS-QLD - electricityMap 2020,,,709.96,G_PER_KWH,,,AU,"Based on data from electricityMap API, a global electricity emissions database. For more information, please visit api.electricitymap.org.",2020,0.02276670299,1.136470164,2.855506767,0,0.5214025598,81.81534715,7.471669894,0,6.176836759,,0,,0.02276670299,1.136470164,2.855506767,0,0.5214025598,81.81534715,7.471669894,0,6.176836759,,0,709.96,G_PER_KWH,,,,,Queensland,Fuel Conversion Factors - DEFRA EPA 2021
Australia - South Australia - AUS-SA - electricityMap 2020,,,232.31,G_PER_KWH,,,AU,"Based on data from electricityMap API, a global electricity emissions database. For more information, please visit api.electricitymap.org.",2020,0.04024192073,0,54.97776705,0,0,0,38.4499093,0,6.532081728,,0,,0.04024192073,0,54.97776705,0,0,0,38.4499093,0,6.532081728,,0,232.31,G_PER_KWH,,,,,South Australia,Fuel Conversion Factors - DEFRA EPA 2021
Australia - Tasmania - AUS-TAS - electricityMap 2020,,,259.86,G_PER_KWH,,,AU,"Based on data from electricityMap API, a global electricity emissions database. For more information, please visit api.electricitymap.org.",2020,0,61.8115471,38.1884529,0,0,0,0,0,0,,0,,0,61.8115471,38.1884529,0,0,0,0,0,0,,0,259.86,G_PER_KWH,,,,,Tasmania,Fuel Conversion Factors - DEFRA EPA 2021
Australia - Victoria - AUS-VIC - electricityMap 2020,,,600.51,G_PER_KWH,,,AU,"Based on data from electricityMap API, a global electricity emissions database. For more information, please visit api.electricitymap.org.",2020,0,4.210147789,17.51074554,0,0,73.95089047,1.707546144,0,2.62067006,,0,,0,4.210147789,17.51074554,0,0,73.95089047,1.707546144,0,2.62067006,,0,600.51,G_PER_KWH,,,,,Victoria,Fuel Conversion Factors - DEFRA EPA 2021
Australia - Western Australia - AUS-WA - electricityMap 2020,,,426.97,G_PER_KWH,,,AU,"Based on data from electricityMap API, a global electricity emissions database. For more information, please visit api.electricitymap.org.",2020,0.07498521172,0,15.8893962,0,0.4818182872,28.11925603,31.35112867,0,24.0834156,,0,,0.07498521172,0,15.8893962,0,0.4818182872,28.11925603,31.35112867,0,24.0834156,,0,426.97,G_PER_KWH,,,,,Western Australia,Fuel Conversion Factors - DEFRA EPA 2021
Aruba - AW - electricityMap 2020,,,580.25,G_PER_KWH,,,AW,"Based on data from electricityMap API, a global electricity emissions database. For more information, please visit api.electricitymap.org.",2020,89.00836506,0,9.489032239,0,0,0,0,0,1.502602697,,0,,89.00836506,0,9.489032239,0,0,0,0,0,1.502602697,,0,580.25,G_PER_KWH,,,,,,Fuel Conversion Factors - DEFRA EPA 2021
Aland Islands - AX - electricityMap 2020,,,37.57,G_PER_KWH,,,AX,"Based on data from electricityMap API, a global electricity emissions database. For more information, please visit api.electricitymap.org.",2020,0.1477911875,0,99.85220881,0,0,0,0,0,0,,0,,0.1477911875,0,99.85220881,0,0,0,0,0,0,,0,37.57,G_PER_KWH,,,,,,Fuel Conversion Factors - DEFRA EPA 2021
Bosnia and Herzegovina - BA - electricityMap 2020,,,513.37,G_PER_KWH,,,BA,"Based on data from electricityMap API, a global electricity emissions database. For more information, please visit api.electricitymap.org.",2020,0,32.75281598,0.800656278,0,0,66.44652774,0,0,0,,0,,0,32.75281598,0.800656278,0,0,66.44652774,0,0,0,,0,513.37,G_PER_KWH,,,,,,Fuel Conversion Factors - DEFRA EPA 2021
Belgium - BE - electricityMap 2020,,,226.35,G_PER_KWH,,,BE,"Based on data from electricityMap API, a global electricity emissions database. For more information, please visit api.electricitymap.org.",2020,0.0035315488,0.1568771824,15.54089294,0,4.970321064,0,28.4865403,40.8154664,2.742420829,,7.283949735,,0.0035315488,0.1568771824,15.54089294,0,4.970321064,0,28.4865403,40.8154664,2.742420829,,7.283949735,226.35,G_PER_KWH,,,,,,Fuel Conversion Factors - DEFRA EPA 2021
Bulgaria - BG - electricityMap 2020,,,363.74,G_PER_KWH,,,BG,"Based on data from electricityMap API, a global electricity emissions database. For more information, please visit api.electricitymap.org.",2020,0,7.300206767,3.302257947,0,0.4606503425,37.60511572,9.722185291,39.62293635,1.986647582,,0,,0,7.300206767,3.302257947,0,0.4606503425,37.60511572,9.722185291,39.62293635,1.986647582,,0,363.74,G_PER_KWH,,,,,,Fuel Conversion Factors - DEFRA EPA 2021
Bolivia - BO - electricityMap 2020,,,360.61,G_PER_KWH,,,BO,"Based on data from electricityMap API, a global electricity emissions database. For more information, please visit api.electricitymap.org.",2020,0,22.79189508,3.484967196,0,0,0,0,0,0,,73.72313772,,0,22.79189508,3.484967196,0,0,0,0,0,0,,73.72313772,360.61,G_PER_KWH,,,,,,Fuel Conversion Factors - DEFRA EPA 2021
Brazil - Central Brazil - BR-CS - electricityMap 2020,,,132.19,G_PER_KWH,,,BR,"Based on data from electricityMap API, a global electricity emissions database. For more information, please visit api.electricitymap.org.",2020,0,78.7945983,0,0,0,0,0,5.117438092,0.8544483056,,15.23351531,,0,78.7945983,0,0,0,0,0,5.117438092,0.8544483056,,15.23351531,132.19,G_PER_KWH,,,,,Central Brazil,Fuel Conversion Factors - DEFRA EPA 2021
Brazil - North Brazil - BR-N - electricityMap 2020,,,228.35,G_PER_KWH,,,BR,"Based on data from electricityMap API, a global electricity emissions database. For more information, please visit api.electricitymap.org.",2020,0,58.84258316,4.60196142,0,0,0,0,0,0,,36.55545542,,0,58.84258316,4.60196142,0,0,0,0,0,0,,36.55545542,228.35,G_PER_KWH,,,,,North Brazil,Fuel Conversion Factors - DEFRA EPA 2021
Brazil - North-East Brazil - BR-NE - electricityMap 2020,,,107.03,G_PER_KWH,,,BR,"Based on data from electricityMap API, a global electricity emissions database. For more information, please visit api.electricitymap.org.",2020,0,38.36399151,44.61218307,0,0,0,0,0,4.421957181,,12.60186824,,0,38.36399151,44.61218307,0,0,0,0,0,4.421957181,,12.60186824,107.03,G_PER_KWH,,,,,North-East Brazil,Fuel Conversion Factors - DEFRA EPA 2021
Brazil - South Brazil - BR-S - electricityMap 2020,,,170.76,G_PER_KWH,,,BR,"Based on data from electricityMap API, a global electricity emissions database. For more information, please visit api.electricitymap.org.",2020,0,70.60657444,9.52303425,0,0,0,0,0,0,,19.87039131,,0,70.60657444,9.52303425,0,0,0,0,0,0,,19.87039131,170.76,G_PER_KWH,,,,,South Brazil,Fuel Conversion Factors - DEFRA EPA 2021
Canada - Alberta - CA-AB - electricityMap 2020,,,531.53,G_PER_KWH,,,CA,"Based on data from electricityMap API, a global electricity emissions database. For more information, please visit api.electricitymap.org.",2020,0,1.873730725,8.462303738,0,0,28.315056,58.62029741,0,0,,2.728612132,,0,1.873730725,8.462303738,0,0,28.315056,58.62029741,0,0,,2.728612132,531.53,G_PER_KWH,,,,,Alberta,Fuel Conversion Factors - DEFRA EPA 2021
Canada - Nova Scotia - CA-NS - electricityMap 2020,,,479.56,G_PER_KWH,,,CA,"Based on data from electricityMap API, a global electricity emissions database. For more information, please visit api.electricitymap.org.",2020,0,2.64705668,21.51815226,0,2.634141505,54.93066422,18.26998533,0,0,,0,,0,2.64705668,21.51815226,0,2.634141505,54.93066422,18.26998533,0,0,,0,479.56,G_PER_KWH,,,,,Nova Scotia,Fuel Conversion Factors - DEFRA EPA 2021
Canada - Ontario - CA-ON - electricityMap 2020,,,43.4,G_PER_KWH,,,CA,"Based on data from electricityMap API, a global electricity emissions database. For more information, please visit api.electricitymap.org.",2020,0,25.19201171,9.75623777,0,0.228580876,0,5.84443401,58.61545076,0.3632848711,,0,,0,25.19201171,9.75623777,0,0.228580876,0,5.84443401,58.61545076,0.3632848711,,0,43.4,G_PER_KWH,,,,,Ontario,Fuel Conversion Factors - DEFRA EPA 2021
Canada - Prince Edward Island - CA-PE - electricityMap 2020,,,124.91,G_PER_KWH,,,CA,"Based on data from electricityMap API, a global electricity emissions database. For more information, please visit api.electricitymap.org.",2020,0.147738546,0,99.85226145,0,0,0,0,0,0,,0,,0.147738546,0,99.85226145,0,0,0,0,0,0,,0,124.91,G_PER_KWH,,,,,Prince Edward Island,Fuel Conversion Factors - DEFRA EPA 2021
Canada - Yukon - CA-YT - electricityMap 2020,,,59.93,G_PER_KWH,,,CA,"Based on data from electricityMap API, a global electricity emissions database. For more information, please visit api.electricitymap.org.",2020,0,94.67943191,0,0,0,0,0,0,0,,5.320568085,,0,94.67943191,0,0,0,0,0,0,0,,5.320568085,59.93,G_PER_KWH,,,,,Yukon,Fuel Conversion Factors - DEFRA EPA 2021
Chile - SIC - CL-SEN - electricityMap 2020,,,231.18,G_PER_KWH,,,CL,"Based on data from electricityMap API, a global electricity emissions database. For more information, please visit api.electricitymap.org.",2020,0,34.76348108,8.54860926,0.3283539384,0,0,0,0,12.6681817,,43.69137402,,0,34.76348108,8.54860926,0.3283539384,0,0,0,0,12.6681817,,43.69137402,231.18,G_PER_KWH,,,,,SIC,Fuel Conversion Factors - DEFRA EPA 2021
Costa Rica - CR - electricityMap 2020,,,35.68,G_PER_KWH,,,CR,"Based on data from electricityMap API, a global electricity emissions database. For more information, please visit api.electricitymap.org.",2020,0.01308647291,80.29321444,7.648987278,10.74893312,0.1849471765,0,0,0,0.06492057001,,1.045910944,,0.01308647291,80.29321444,7.648987278,10.74893312,0.1849471765,0,0,0,0.06492057001,,1.045910944,35.68,G_PER_KWH,,,,,,Fuel Conversion Factors - DEFRA EPA 2021
Cyprus - CY - electricityMap 2020,,,579.83,G_PER_KWH,,,CY,"Based on data from electricityMap API, a global electricity emissions database. For more information, please visit api.electricitymap.org.",2020,88.27042438,0,4.067462718,0,1.15470467,0,0,0,6.507408228,,0,,88.27042438,0,4.067462718,0,1.15470467,0,0,0,6.507408228,,0,579.83,G_PER_KWH,,,,,,Fuel Conversion Factors - DEFRA EPA 2021
Czech Republic - CZ - electricityMap 2020,,,415.52,G_PER_KWH,,,CZ,"Based on data from electricityMap API, a global electricity emissions database. For more information, please visit api.electricitymap.org.",2020,0.1488125611,2.91442573,0.8706258157,0,3.610183984,40.32873113,8.574443026,38.03283693,1.53751423,,3.982426593,,0.1488125611,2.91442573,0.8706258157,0,3.610183984,40.32873113,8.574443026,38.03283693,1.53751423,,3.982426593,415.52,G_PER_KWH,,,,,,Fuel Conversion Factors - DEFRA EPA 2021
Germany - DE - electricityMap 2020,,,347.17,G_PER_KWH,,,DE,"Based on data from electricityMap API, a global electricity emissions database. For more information, please visit api.electricitymap.org.",2020,0.7664378193,2.914276665,25.41673575,0.04065504239,8.579965242,31.01740503,12.56732792,12.41077206,5.304257022,,0.9821674546,,0.7664378193,2.914276665,25.41673575,0.04065504239,8.579965242,31.01740503,12.56732792,12.41077206,5.304257022,,0.9821674546,347.17,G_PER_KWH,,,,,,Fuel Conversion Factors - DEFRA EPA 2021
Denmark - Bornholm - DK-BHM - electricityMap 2020,,,57.4,G_PER_KWH,,,DK,"Based on data from electricityMap API, a global electricity emissions database. For more information, please visit api.electricitymap.org.",2020,0,0,65.97622565,0,25.46423846,0,0,0,8.559535888,,0,,0,0,65.97622565,0,25.46423846,0,0,0,8.559535888,,0,57.4,G_PER_KWH,,,,,Bornholm,Fuel Conversion Factors - DEFRA EPA 2021
Denmark - West Denmark - DK-DK1 - electricityMap 2020,,,143.01,G_PER_KWH,,,DK,"Based on data from electricityMap API, a global electricity emissions database. For more information, please visit api.electricitymap.org.",2020,0.5782689253,0.04700493176,62.84160902,0,12.37339418,14.26733506,7.798593341,0,1.950494153,,0.1433003838,,0.5782689253,0.04700493176,62.84160902,0,12.37339418,14.26733506,7.798593341,0,1.950494153,,0.1433003838,143.01,G_PER_KWH,,,,,West Denmark,Fuel Conversion Factors - DEFRA EPA 2021
Denmark - East Denmark - DK-DK2 - electricityMap 2020,,,148.72,G_PER_KWH,,,DK,"Based on data from electricityMap API, a global electricity emissions database. For more information, please visit api.electricitymap.org.",2020,2.121767437,0,43.73197985,0,34.26303229,9.718873395,7.169457826,0,2.994889203,,0,,2.121767437,0,43.73197985,0,34.26303229,9.718873395,7.169457826,0,2.994889203,,0,148.72,G_PER_KWH,,,,,East Denmark,Fuel Conversion Factors - DEFRA EPA 2021
Dominican Republic - DO - electricityMap 2020,,,591.64,G_PER_KWH,,,DO,"Based on data from electricityMap API, a global electricity emissions database. For more information, please visit api.electricitymap.org.",2020,10.28424763,6.843168246,4.532587395,0,1.204888686,36.19001332,25.43114314,0,2.615519741,,12.89843184,,10.28424763,6.843168246,4.532587395,0,1.204888686,36.19001332,25.43114314,0,2.615519741,,12.89843184,591.64,G_PER_KWH,,,,,,Fuel Conversion Factors - DEFRA EPA 2021
Estonia - EE - electricityMap 2020,,,508.71,G_PER_KWH,,,EE,"Based on data from electricityMap API, a global electricity emissions database. For more information, please visit api.electricitymap.org.",2020,0,0.2672928456,17.73044782,0,14.4551119,57.49706939,9.09931581,0,0.2663198,,0.6844424372,,0,0.2672928456,17.73044782,0,14.4551119,57.49706939,9.09931581,0,0.2663198,,0.6844424372,508.71,G_PER_KWH,,,,,,Fuel Conversion Factors - DEFRA EPA 2021
Spain - Spain - ES - electricityMap 2020,,,168.37,G_PER_KWH,,,ES,"Based on data from electricityMap API, a global electricity emissions database. For more information, please visit api.electricitymap.org.",2020,0,0.2672928456,17.73044782,0,14.4551119,57.49706939,9.09931581,0,0.2663198,,0.6844424372,,0,0.2672928456,17.73044782,0,14.4551119,57.49706939,9.09931581,0,0.2663198,,0.6844424372,168.37,G_PER_KWH,,,,,Spain,Fuel Conversion Factors - DEFRA EPA 2021
Spain - Fuerteventura/Lanzarote - ES-CN-FVLZ - electricityMap 2020,,,593.5,G_PER_KWH,,,ES,"Based on data from electricityMap API, a global electricity emissions database. For more information, please visit api.electricitymap.org.",2020,91.06310443,0,7.147514199,0,0,0,0,0,1.789381366,,0,,91.06310443,0,7.147514199,0,0,0,0,0,1.789381366,,0,593.5,G_PER_KWH,,,,,Fuerteventura/Lanzarote,Fuel Conversion Factors - DEFRA EPA 2021
Spain - Gran Canaria - ES-CN-GC - electricityMap 2020,,,559.58,G_PER_KWH,,,ES,"Based on data from electricityMap API, a global electricity emissions database. For more information, please visit api.electricitymap.org.",2020,85.78515333,0,12.936541,0,0,0,0,0,1.278305679,,0,,85.78515333,0,12.936541,0,0,0,0,0,1.278305679,,0,559.58,G_PER_KWH,,,,,Gran Canaria,Fuel Conversion Factors - DEFRA EPA 2021
Spain - El Hierro - ES-CN-HI - electricityMap 2020,,,413.66,G_PER_KWH,,,ES,"Based on data from electricityMap API, a global electricity emissions database. For more information, please visit api.electricitymap.org.",2020,60.2529871,0,39.7470129,0,0,0,0,0,0,,0,,60.2529871,0,39.7470129,0,0,0,0,0,0,,0,413.66,G_PER_KWH,,,,,El Hierro,Fuel Conversion Factors - DEFRA EPA 2021
Spain - Isla de la Gomera - ES-CN-IG - electricityMap 2020,,,650,G_PER_KWH,,,ES,"Based on data from electricityMap API, a global electricity emissions database. For more information, please visit api.electricitymap.org.",2020,100,0,0,0,0,0,0,0,0,,0,,100,0,0,0,0,0,0,0,0,,0,650,G_PER_KWH,,,,,Isla de la Gomera,Fuel Conversion Factors - DEFRA EPA 2021
Spain - La Palma - ES-CN-LP - electricityMap 2020,,,601.72,G_PER_KWH,,,ES,"Based on data from electricityMap API, a global electricity emissions database. For more information, please visit api.electricitymap.org.",2020,92.33579546,0,5.624107909,0,0,0,0,0,2.040096632,,0,,92.33579546,0,5.624107909,0,0,0,0,0,2.040096632,,0,601.72,G_PER_KWH,,,,,La Palma,Fuel Conversion Factors - DEFRA EPA 2021
Spain - Tenerife - ES-CN-TE - electricityMap 2020,,,539.08,G_PER_KWH,,,ES,"Based on data from electricityMap API, a global electricity emissions database. For more information, please visit api.electricitymap.org.",2020,82.39431936,0,12.98538,0,0,0,0,0,4.620300639,,0,,82.39431936,0,12.98538,0,0,0,0,0,4.620300639,,0,539.08,G_PER_KWH,,,,,Tenerife,Fuel Conversion Factors - DEFRA EPA 2021
Spain - Formentera - ES-IB-FO - electricityMap 2020,,,417.76,G_PER_KWH,,,ES,"Based on data from electricityMap API, a global electricity emissions database. For more information, please visit api.electricitymap.org.",2020,0,0,0,0,0,0,21.19856728,0,78.80143272,,0,,0,0,0,0,0,0,21.19856728,0,78.80143272,,0,417.76,G_PER_KWH,,,,,Formentera,Fuel Conversion Factors - DEFRA EPA 2021
Spain - Ibiza - ES-IB-IZ - electricityMap 2020,,,435.85,G_PER_KWH,,,ES,"Based on data from electricityMap API, a global electricity emissions database. For more information, please visit api.electricitymap.org.",2020,34.28460307,0,0,0,0,0,65.71539693,0,0,,0,,34.28460307,0,0,0,0,0,65.71539693,0,0,,0,435.85,G_PER_KWH,,,,,Ibiza,Fuel Conversion Factors - DEFRA EPA 2021
Spain - Mallorca - ES-IB-MA - electricityMap 2020,,,421.3,G_PER_KWH,,,ES,"Based on data from electricityMap API, a global electricity emissions database. For more information, please visit api.electricitymap.org.",2020,0.768117672,12.75201522,25.53058783,0,2.749570617,1.405845589,26.03961895,23.72865113,6.477206702,,0.5483862891,,0.768117672,12.75201522,25.53058783,0,2.749570617,1.405845589,26.03961895,23.72865113,6.477206702,,0.5483862891,421.3,G_PER_KWH,,,,,Mallorca,Fuel Conversion Factors - DEFRA EPA 2021
Spain - Menorca - ES-IB-ME - electricityMap 2020,,,558.62,G_PER_KWH,,,ES,"Based on data from electricityMap API, a global electricity emissions database. For more information, please visit api.electricitymap.org.",2020,0.768117672,12.75201522,25.53058783,0,2.749570617,1.405845589,26.03961895,23.72865113,6.477206702,,0.5483862891,,0.768117672,12.75201522,25.53058783,0,2.749570617,1.405845589,26.03961895,23.72865113,6.477206702,,0.5483862891,558.62,G_PER_KWH,,,,,Menorca,Fuel Conversion Factors - DEFRA EPA 2021
Spain - Finland - FI - electricityMap 2020,,,147.97,G_PER_KWH,,,ES,"Based on data from electricityMap API, a global electricity emissions database. For more information, please visit api.electricitymap.org.",2020,0.02927788948,22.87019899,13.1705468,0,10.3291867,10.30985348,7.49810575,34.57783667,0,,1.214993728,,0.02927788948,22.87019899,13.1705468,0,10.3291867,10.30985348,7.49810575,34.57783667,0,,1.214993728,147.97,G_PER_KWH,,,,,Finland,Fuel Conversion Factors - DEFRA EPA 2021
Faroe Islands - FO - electricityMap 2020,,,360.31,G_PER_KWH,,,FO,"Based on data from electricityMap API, a global electricity emissions database. For more information, please visit api.electricitymap.org.",2020,53.95667384,34.46636727,11.57695889,0,0,0,0,0,0,,0,,53.95667384,34.46636727,11.57695889,0,0,0,0,0,0,,0,360.31,G_PER_KWH,,,,,,Fuel Conversion Factors - DEFRA EPA 2021
France - FR - electricityMap 2020,,,68.33,G_PER_KWH,,,FR,"Based on data from electricityMap API, a global electricity emissions database. For more information, please visit api.electricitymap.org.",2020,0.3301412167,10.05411133,8.224750882,0,1.431911473,0.5068030937,8.052602929,69.64594952,1.753729551,,0,,0.3301412167,10.05411133,8.224750882,0,1.431911473,0.5068030937,8.052602929,69.64594952,1.753729551,,0,68.33,G_PER_KWH,,,,,,Fuel Conversion Factors - DEFRA EPA 2021
United Kingdom - Great Britain - GB - electricityMap 2020,,,244.52,G_PER_KWH,,,GB,"Based on data from electricityMap API, a global electricity emissions database. For more information, please visit api.electricitymap.org.",2020,0,1.932618579,23.37395206,0,6.866609777,1.484977857,42.84112931,20.31559333,2.514711157,,0.670407929,,0,1.932618579,23.37395206,0,6.866609777,1.484977857,42.84112931,20.31559333,2.514711157,,0.670407929,244.52,G_PER_KWH,,,,,Great Britain,Fuel Conversion Factors - DEFRA EPA 2021
United Kingdom - Northern Ireland - GB-NIR - electricityMap 2020,,,363.73,G_PER_KWH,,,GB,"Based on data from electricityMap API, a global electricity emissions database. For more information, please visit api.electricitymap.org.",2020,0,1.932618579,23.37395206,0,6.866609777,1.484977857,42.84112931,20.31559333,2.514711157,,0.670407929,,0,1.932618579,23.37395206,0,6.866609777,1.484977857,42.84112931,20.31559333,2.514711157,,0.670407929,363.73,G_PER_KWH,,,,,Northern Ireland,Fuel Conversion Factors - DEFRA EPA 2021
United Kingdom - Orkney Islands - GB-ORK - electricityMap 2020,,,77.29,G_PER_KWH,,,GB,"Based on data from electricityMap API, a global electricity emissions database. For more information, please visit api.electricitymap.org.",2020,0,1.932618579,23.37395206,0,6.866609777,1.484977857,42.84112931,20.31559333,2.514711157,,0.670407929,,0,1.932618579,23.37395206,0,6.866609777,1.484977857,42.84112931,20.31559333,2.514711157,,0.670407929,77.29,G_PER_KWH,,,,,Orkney Islands,Fuel Conversion Factors - DEFRA EPA 2021
Georgia - GE - electricityMap 2020,,,253.96,G_PER_KWH,,,GE,"Based on data from electricityMap API, a global electricity emissions database. For more information, please visit api.electricitymap.org.",2020,0,59.20760176,0.7477010786,0,0,0,40.04469717,0,0,,0,,0,59.20760176,0.7477010786,0,0,0,40.04469717,0,0,,0,253.96,G_PER_KWH,,,,,,Fuel Conversion Factors - DEFRA EPA 2021
Greece - GR - electricityMap 2020,,,390.44,G_PER_KWH,,,GR,"Based on data from electricityMap API, a global electricity emissions database. For more information, please visit api.electricitymap.org.",2020,0,5.252627459,22.1365584,0,0,15.7681835,48.47143671,0,8.371193938,,0,,0,5.252627459,22.1365584,0,0,15.7681835,48.47143671,0,8.371193938,,0,390.44,G_PER_KWH,,,,,,Fuel Conversion Factors - DEFRA EPA 2021
Guatemala - GT - electricityMap 2020,,,204.55,G_PER_KWH,,,GT,"Based on data from electricityMap API, a global electricity emissions database. For more information, please visit api.electricitymap.org.",2020,2.576870832,70.45125499,2.502661003,2.301868882,0.1198759379,20.43215487,0.1678440183,0,1.447469467,,0,,2.576870832,70.45125499,2.502661003,2.301868882,0.1198759379,20.43215487,0.1678440183,0,1.447469467,,0,204.55,G_PER_KWH,,,,,,Fuel Conversion Factors - DEFRA EPA 2021
Croatia - HR - electricityMap 2020,,,245.23,G_PER_KWH,,,HR,"Based on data from electricityMap API, a global electricity emissions database. For more information, please visit api.electricitymap.org.",2020,0,0,12.15038137,0,0,0,0,0,0.3299406501,,87.51967798,,0,0,12.15038137,0,0,0,0,0,0.3299406501,,87.51967798,245.23,G_PER_KWH,,,,,,Fuel Conversion Factors - DEFRA EPA 2021
Hungary - HU - electricityMap 2020,,,274.62,G_PER_KWH,,,HU,"Based on data from electricityMap API, a global electricity emissions database. For more information, please visit api.electricitymap.org.",2020,0.02411000476,0.6334719908,1.68492858,0.002977288044,3.410193041,13.46068378,27.70286946,47.80334731,3.321488758,,1.955929786,,0.02411000476,0.6334719908,1.68492858,0.002977288044,3.410193041,13.46068378,27.70286946,47.80334731,3.321488758,,1.955929786,274.62,G_PER_KWH,,,,,,Fuel Conversion Factors - DEFRA EPA 2021
Ireland - IE - electricityMap 2020,,,301.87,G_PER_KWH,,,IE,"Based on data from electricityMap API, a global electricity emissions database. For more information, please visit api.electricitymap.org.",2020,7.358355104,4.245155699,45.36534035,0,0,9.405940086,33.58388207,0,0,,0.04132669423,,7.358355104,4.245155699,45.36534035,0,0,9.405940086,33.58388207,0,0,,0.04132669423,301.87,G_PER_KWH,,,,,,Fuel Conversion Factors - DEFRA EPA 2021
India - Andhra Pradesh - IN-AP - electricityMap 2020,,,563,G_PER_KWH,,,IN,"Based on data from electricityMap API, a global electricity emissions database. For more information, please visit api.electricitymap.org.",2020,0,9.187291001,7.996266293,0,0,25.68854235,2.180557604,0,7.035620399,,47.91172235,,0,9.187291001,7.996266293,0,0,25.68854235,2.180557604,0,7.035620399,,47.91172235,563,G_PER_KWH,,,,,Andhra Pradesh,Fuel Conversion Factors - DEFRA EPA 2021
India - Chhattisgarh - IN-CT - electricityMap 2020,,,803.35,G_PER_KWH,,,IN,"Based on data from electricityMap API, a global electricity emissions database. For more information, please visit api.electricitymap.org.",2020,0,2.092893291,0,0,0,97.90710671,0,0,0,,0,,0,2.092893291,0,0,0,97.90710671,0,0,0,,0,803.35,G_PER_KWH,,,,,Chhattisgarh,Fuel Conversion Factors - DEFRA EPA 2021
India - Delhi - IN-DL - electricityMap 2020,,,476.12,G_PER_KWH,,,IN,"Based on data from electricityMap API, a global electricity emissions database. For more information, please visit api.electricitymap.org.",2020,0,0,0,0,5.324489352,0,94.67551065,0,0,,0,,0,0,0,0,5.324489352,0,94.67551065,0,0,,0,476.12,G_PER_KWH,,,,,Delhi,Fuel Conversion Factors - DEFRA EPA 2021
India - Himachal Pradesh - IN-KA - electricityMap 2020,,,381.59,G_PER_KWH,,,IN,"Based on data from electricityMap API, a global electricity emissions database. For more information, please visit api.electricitymap.org.",2020,0,21.18547636,10.70381889,0,4.479689213,15.61839391,0,0,12.92834538,,35.08427624,,0,21.18547636,10.70381889,0,4.479689213,15.61839391,0,0,12.92834538,,35.08427624,381.59,G_PER_KWH,,,,,Himachal Pradesh,Fuel Conversion Factors - DEFRA EPA 2021
India - Karnataka - IN-PB - electricityMap 2020,,,601.18,G_PER_KWH,,,IN,"Based on data from electricityMap API, a global electricity emissions database. For more information, please visit api.electricitymap.org.",2020,0,19.50841136,0,0,3.110560192,71.55646164,0,0,5.824566806,,0,,0,19.50841136,0,0,3.110560192,71.55646164,0,0,5.824566806,,0,601.18,G_PER_KWH,,,,,Karnataka,Fuel Conversion Factors - DEFRA EPA 2021
India - Punjab - IN-UP - electricityMap 2020,,,737.22,G_PER_KWH,,,IN,"Based on data from electricityMap API, a global electricity emissions database. For more information, please visit api.electricitymap.org.",2020,0,6.085018148,0,0,0.00579550241,85.86685766,6.296357456,0,1.745971237,,0,,0,6.085018148,0,0,0.00579550241,85.86685766,6.296357456,0,1.745971237,,0,737.22,G_PER_KWH,,,,,Punjab,Fuel Conversion Factors - DEFRA EPA 2021
Iraq - IQ - electricityMap 2020,,,,G_PER_KWH,,,IQ,"Based on data from electricityMap API, a global electricity emissions database. For more information, please visit api.electricitymap.org.",2020,#DIV/0!,#DIV/0!,#DIV/0!,#DIV/0!,#DIV/0!,#DIV/0!,#DIV/0!,#DIV/0!,#DIV/0!,,#DIV/0!,,#DIV/0!,#DIV/0!,#DIV/0!,#DIV/0!,#DIV/0!,#DIV/0!,#DIV/0!,#DIV/0!,#DIV/0!,,#DIV/0!,,G_PER_KWH,,,,,,Fuel Conversion Factors - DEFRA EPA 2021
Iceland - IS - electricityMap 2020,,,28.13,G_PER_KWH,,,IS,"Based on data from electricityMap API, a global electricity emissions database. For more information, please visit api.electricitymap.org.",2020,0.003483356354,70.68951583,0,29.30700082,0,0,0,0,0,,0,,0.003483356354,70.68951583,0,29.30700082,0,0,0,0,0,,0,28.13,G_PER_KWH,,,,,,Fuel Conversion Factors - DEFRA EPA 2021
Italy - Central North - IT-CNO - electricityMap 2020,,,287.7,G_PER_KWH,,,IT,"Based on data from electricityMap API, a global electricity emissions database. For more information, please visit api.electricitymap.org.",2020,0.01262171255,12.56616083,1.491578972,30.25011865,1.123122055,0,40.48723371,0,8.962742807,,5.106421265,,0.01262171255,12.56616083,1.491578972,30.25011865,1.123122055,0,40.48723371,0,8.962742807,,5.106421265,287.7,G_PER_KWH,,,,,Central North,Fuel Conversion Factors - DEFRA EPA 2021
Italy - Central South - IT-CSO - electricityMap 2020,,,409.87,G_PER_KWH,,,IT,"Based on data from electricityMap API, a global electricity emissions database. For more information, please visit api.electricitymap.org.",2020,0.005944035739,7.403755877,13.39893025,0,2.665130737,19.22833576,39.68241582,0,9.059042539,,8.556444983,,0.005944035739,7.403755877,13.39893025,0,2.665130737,19.22833576,39.68241582,0,9.059042539,,8.556444983,409.87,G_PER_KWH,,,,,Central South,Fuel Conversion Factors - DEFRA EPA 2021
Italy - North - IT-NO - electricityMap 2020,,,294.65,G_PER_KWH,,,IT,"Based on data from electricityMap API, a global electricity emissions database. For more information, please visit api.electricitymap.org.",2020,0.02703663561,29.2437091,0.08061361989,0,1.88108144,0.8322951647,54.15183368,0,3.664863752,,10.11856661,,0.02703663561,29.2437091,0.08061361989,0,1.88108144,0.8322951647,54.15183368,0,3.664863752,,10.11856661,294.65,G_PER_KWH,,,,,North,Fuel Conversion Factors - DEFRA EPA 2021
Italy - Sardinia - IT-SAR - electricityMap 2020,,,511.4,G_PER_KWH,,,IT,"Based on data from electricityMap API, a global electricity emissions database. For more information, please visit api.electricitymap.org.",2020,1.475241065,1.63522709,14.57867881,0,4.049741717,35.40642989,34.31545121,0,5.161530043,,3.377700182,,1.475241065,1.63522709,14.57867881,0,4.049741717,35.40642989,34.31545121,0,5.161530043,,3.377700182,511.4,G_PER_KWH,,,,,Sardinia,Fuel Conversion Factors - DEFRA EPA 2021
Italy - Sicily - IT-SIC - electricityMap 2020,,,369.07,G_PER_KWH,,,IT,"Based on data from electricityMap API, a global electricity emissions database. For more information, please visit api.electricitymap.org.",2020,6.564993067,0.3892590196,20.78880485,0,0.7789735917,0,60.47576199,0,8.737784677,,2.264422801,,6.564993067,0.3892590196,20.78880485,0,0.7789735917,0,60.47576199,0,8.737784677,,2.264422801,369.07,G_PER_KWH,,,,,Sicily,Fuel Conversion Factors - DEFRA EPA 2021
Italy - South - IT-SO - electricityMap 2020,,,375.59,G_PER_KWH,,,IT,"Based on data from electricityMap API, a global electricity emissions database. For more information, please visit api.electricitymap.org.",2020,0.01202332907,2.460595396,19.37227621,0,4.861758361,8.380996712,53.03180628,0,8.233594581,,3.646949129,,0.01202332907,2.460595396,19.37227621,0,4.861758361,8.380996712,53.03180628,0,8.233594581,,3.646949129,375.59,G_PER_KWH,,,,,South,Fuel Conversion Factors - DEFRA EPA 2021
Japan - Chobu - JP-CB - electricityMap 2020,,,,G_PER_KWH,,,JP,"Based on data from electricityMap API, a global electricity emissions database. For more information, please visit api.electricitymap.org.",2020,0,0,0,0,0,0,0,0,8.402477222,,91.59752278,,0,0,0,0,0,0,0,0,8.402477222,,91.59752278,,G_PER_KWH,,,,,Chobu,Fuel Conversion Factors - DEFRA EPA 2021
Japan - Chugoku - JP-CG - electricityMap 2020,,,,G_PER_KWH,,,JP,"Based on data from electricityMap API, a global electricity emissions database. For more information, please visit api.electricitymap.org.",2020,0,0,0,0,0,0,0,0,9.946438823,,90.05356118,,0,0,0,0,0,0,0,0,9.946438823,,90.05356118,,G_PER_KWH,,,,,Chugoku,Fuel Conversion Factors - DEFRA EPA 2021
Japan - Hokkaido - JP-HKD - electricityMap 2020,,,,G_PER_KWH,,,JP,"Based on data from electricityMap API, a global electricity emissions database. For more information, please visit api.electricitymap.org.",2020,0,0,0,0,0,0,0,0,7.034567785,,92.96543222,,0,0,0,0,0,0,0,0,7.034567785,,92.96543222,,G_PER_KWH,,,,,Hokkaido,Fuel Conversion Factors - DEFRA EPA 2021
Japan - Hokuriku - JP-HR - electricityMap 2020,,,,G_PER_KWH,,,JP,"Based on data from electricityMap API, a global electricity emissions database. For more information, please visit api.electricitymap.org.",2020,0,0,0,0,0,0,0,0,3.584974684,,96.41502532,,0,0,0,0,0,0,0,0,3.584974684,,96.41502532,,G_PER_KWH,,,,,Hokuriku,Fuel Conversion Factors - DEFRA EPA 2021
Japan - Kansai - JP-KN - electricityMap 2020,,,481.45,G_PER_KWH,,,JP,"Based on data from electricityMap API, a global electricity emissions database. For more information, please visit api.electricitymap.org.",2020,4.814716151,9.829172214,0,0,0,31.7771266,34.13098783,15.05327369,4.394723513,,0,,4.814716151,9.829172214,0,0,0,31.7771266,34.13098783,15.05327369,4.394723513,,0,481.45,G_PER_KWH,,,,,Kansai,Fuel Conversion Factors - DEFRA EPA 2021
Japan - Kyushu - JP-KY - electricityMap 2020,,,507.67,G_PER_KWH,,,JP,"Based on data from electricityMap API, a global electricity emissions database. For more information, please visit api.electricitymap.org.",2020,0,0,0,0,0,0,0,17.37134927,11.50945582,,71.11919491,,0,0,0,0,0,0,0,17.37134927,11.50945582,,71.11919491,507.67,G_PER_KWH,,,,,Kyushu,Fuel Conversion Factors - DEFRA EPA 2021
Japan - Shikoku - JP-SK - electricityMap 2020,,,,G_PER_KWH,,,JP,"Based on data from electricityMap API, a global electricity emissions database. For more information, please visit api.electricitymap.org.",2020,0,0,0,0,0,0,0,0,9.039769399,,90.9602306,,0,0,0,0,0,0,0,0,9.039769399,,90.9602306,,G_PER_KWH,,,,,Shikoku,Fuel Conversion Factors - DEFRA EPA 2021
Japan - Tohoku - JP-TH - electricityMap 2020,,,,G_PER_KWH,,,JP,"Based on data from electricityMap API, a global electricity emissions database. For more information, please visit api.electricitymap.org.",2020,#DIV/0!,#DIV/0!,#DIV/0!,#DIV/0!,#DIV/0!,#DIV/0!,#DIV/0!,#DIV/0!,#DIV/0!,,#DIV/0!,,#DIV/0!,#DIV/0!,#DIV/0!,#DIV/0!,#DIV/0!,#DIV/0!,#DIV/0!,#DIV/0!,#DIV/0!,,#DIV/0!,,G_PER_KWH,,,,,Tohoku,Fuel Conversion Factors - DEFRA EPA 2021
Japan - Tokyo - JP-TK - electricityMap 2020,,,581.45,G_PER_KWH,,,JP,"Based on data from electricityMap API, a global electricity emissions database. For more information, please visit api.electricitymap.org.",2020,5.888579429,5.43805148,0.3661758738,0,1.247695351,38.86462422,41.74348526,0,6.451388389,,0,,5.888579429,5.43805148,0.3661758738,0,1.247695351,38.86462422,41.74348526,0,6.451388389,,0,581.45,G_PER_KWH,,,,,Tokyo,Fuel Conversion Factors - DEFRA EPA 2021
South Korea - KR - electricityMap 2020,,,491.62,G_PER_KWH,,,KR,"Based on data from electricityMap API, a global electricity emissions database. For more information, please visit api.electricitymap.org.",2020,0.6059217077,0.5049347565,0,0,1.211843415,42.81846734,25.85265953,26.15562038,2.446605064,,0.4039478051,,0.6059217077,0.5049347565,0,0,1.211843415,42.81846734,25.85265953,26.15562038,2.446605064,,0.4039478051,491.62,G_PER_KWH,,,,,,Fuel Conversion Factors - DEFRA EPA 2021
Lithuania - LT - electricityMap 2020,,,294.44,G_PER_KWH,,,LT,"Based on data from electricityMap API, a global electricity emissions database. For more information, please visit api.electricitymap.org.",2020,0,4.819805608,36.95009022,0,12.87410193,0,41.46698881,0,0.8036930026,,3.085320426,,0,4.819805608,36.95009022,0,12.87410193,0,41.46698881,0,0.8036930026,,3.085320426,294.44,G_PER_KWH,,,,,,Fuel Conversion Factors - DEFRA EPA 2021
Latvia - LV - electricityMap 2020,,,347.38,G_PER_KWH,,,LV,"Based on data from electricityMap API, a global electricity emissions database. For more information, please visit api.electricitymap.org.",2020,0,32.39853755,3.233566459,0,10.71646122,0,42.35294043,0,0,,11.29849434,,0,32.39853755,3.233566459,0,10.71646122,0,42.35294043,0,0,,11.29849434,347.38,G_PER_KWH,,,,,,Fuel Conversion Factors - DEFRA EPA 2021
Moldova - MD - electricityMap 2020,,,629.89,G_PER_KWH,,,MD,"Based on data from electricityMap API, a global electricity emissions database. For more information, please visit api.electricitymap.org.",2020,0,3.858462403,0,0,0,0,16.86402802,0,0,,79.27750957,,0,3.858462403,0,0,0,0,16.86402802,0,0,,79.27750957,629.89,G_PER_KWH,,,,,,Fuel Conversion Factors - DEFRA EPA 2021
Montenegro - ME - electricityMap 2020,,,451.87,G_PER_KWH,,,ME,"Based on data from electricityMap API, a global electricity emissions database. For more information, please visit api.electricitymap.org.",2020,0,46.87694167,7.508765794,0,0,45.61429253,0,0,0,,0,,0,46.87694167,7.508765794,0,0,45.61429253,0,0,0,,0,451.87,G_PER_KWH,,,,,,Fuel Conversion Factors - DEFRA EPA 2021
North Macedonia - MK - electricityMap 2020,,,577.52,G_PER_KWH,,,MK,"Based on data from electricityMap API, a global electricity emissions database. For more information, please visit api.electricitymap.org.",2020,0,12.89749426,1.689552468,0,0,85.41295328,0,0,0,,0,,0,12.89749426,1.689552468,0,0,85.41295328,0,0,0,,0,577.52,G_PER_KWH,,,,,,Fuel Conversion Factors - DEFRA EPA 2021
Malaysia - Peninsula - MY-WM - electricityMap 2020,,,674.7,G_PER_KWH,,,MY,"Based on data from electricityMap API, a global electricity emissions database. For more information, please visit api.electricitymap.org.",2020,0,5.689448631,0,0,0,63.57805884,29.89086629,0,0,,0.8416262348,,0,5.689448631,0,0,0,63.57805884,29.89086629,0,0,,0.8416262348,674.7,G_PER_KWH,,,,,Peninsula,Fuel Conversion Factors - DEFRA EPA 2021
Nicaragua - NI - electricityMap 2020,,,166.54,G_PER_KWH,,,NI,"Based on data from electricityMap API, a global electricity emissions database. For more information, please visit api.electricitymap.org.",2020,25.76811512,24.29171528,10.43423843,23.57637121,14.67232321,0,0,0,1.257236756,,0,,25.76811512,24.29171528,10.43423843,23.57637121,14.67232321,0,0,0,1.257236756,,0,166.54,G_PER_KWH,,,,,,Fuel Conversion Factors - DEFRA EPA 2021
Netherlands - NL - electricityMap 2020,,,415.21,G_PER_KWH,,,NL,"Based on data from electricityMap API, a global electricity emissions database. For more information, please visit api.electricitymap.org.",2020,1.272454448,0.06042839019,13.33218963,0,0,9.966706262,65.91358863,3.696125749,5.332499772,,0.4260071189,,1.272454448,0.06042839019,13.33218963,0,0,9.966706262,65.91358863,3.696125749,5.332499772,,0.4260071189,415.21,G_PER_KWH,,,,,,Fuel Conversion Factors - DEFRA EPA 2021
Norway - Southeast Norway - NO-NO1 - electricityMap 2020,,,27.31,G_PER_KWH,,,NO,"Based on data from electricityMap API, a global electricity emissions database. For more information, please visit api.electricitymap.org.",2020,0,96.69045763,3.121072689,0,0.1882260493,0,0,0,0,,0.000243630721,,0,96.69045763,3.121072689,0,0.1882260493,0,0,0,0,,0.000243630721,27.31,G_PER_KWH,,,,,Southeast Norway,Fuel Conversion Factors - DEFRA EPA 2021
Norway - Southwest Norway - NO-NO2 - electricityMap 2020,,,25.38,G_PER_KWH,,,NO,"Based on data from electricityMap API, a global electricity emissions database. For more information, please visit api.electricitymap.org.",2020,0,91.83363755,8.047451706,0,0.1189107386,0,0,0,0,,0,,0,91.83363755,8.047451706,0,0.1189107386,0,0,0,0,,0,25.38,G_PER_KWH,,,,,Southwest Norway,Fuel Conversion Factors - DEFRA EPA 2021
Norway - Middle Norway - NO-NO3 - electricityMap 2020,,,28.28,G_PER_KWH,,,NO,"Based on data from electricityMap API, a global electricity emissions database. For more information, please visit api.electricitymap.org.",2020,0,79.02008396,19.97914829,0,0.1502514518,0,0,0,0,,0.8505162935,,0,79.02008396,19.97914829,0,0.1502514518,0,0,0,0,,0.8505162935,28.28,G_PER_KWH,,,,,Middle Norway,Fuel Conversion Factors - DEFRA EPA 2021
Norway - North Norway - NO-NO4 - electricityMap 2020,,,30.78,G_PER_KWH,,,NO,"Based on data from electricityMap API, a global electricity emissions database. For more information, please visit api.electricitymap.org.",2020,0,89.31110659,9.29894781,0,0,0,0.8303848333,0,0,,0.5595607646,,0,89.31110659,9.29894781,0,0,0,0.8303848333,0,0,,0.5595607646,30.78,G_PER_KWH,,,,,North Norway,Fuel Conversion Factors - DEFRA EPA 2021
Norway - West Norway - NO-NO5 - electricityMap 2020,,,32.75,G_PER_KWH,,,NO,"Based on data from electricityMap API, a global electricity emissions database. For more information, please visit api.electricitymap.org.",2020,0,98.23627625,0,0,0.1924697271,0,1.571254026,0,0,,0,,0,98.23627625,0,0,0.1924697271,0,1.571254026,0,0,,0,32.75,G_PER_KWH,,,,,West Norway,Fuel Conversion Factors - DEFRA EPA 2021
New Zealand - North Island - NZ-NZN - electricityMap 2020,,,176.93,G_PER_KWH,,,NZ,"Based on data from electricityMap API, a global electricity emissions database. For more information, please visit api.electricitymap.org.",2020,0.008139378435,28.49784783,7.852623619,35.04472071,0,6.861278854,15.99326185,0,0,,5.742127763,,0.008139378435,28.49784783,7.852623619,35.04472071,0,6.861278854,15.99326185,0,0,,5.742127763,176.93,G_PER_KWH,,,,,North Island,Fuel Conversion Factors - DEFRA EPA 2021
New Zealand - South Island - NZ-NZS - electricityMap 2020,,,24.5,G_PER_KWH,,,NZ,"Based on data from electricityMap API, a global electricity emissions database. For more information, please visit api.electricitymap.org.",2020,0,99.20907028,0.7909297159,0,0,0,0,0,0,,0,,0,99.20907028,0.7909297159,0,0,0,0,0,0,,0,24.5,G_PER_KWH,,,,,South Island,Fuel Conversion Factors - DEFRA EPA 2021
Panama - PA - electricityMap 2020,,,193.47,G_PER_KWH,,,PA,"Based on data from electricityMap API, a global electricity emissions database. For more information, please visit api.electricitymap.org.",2020,2.475190933,71.22817262,1.420174391,0,0.2114650933,17.55553176,1.864146841,0,2.279851289,,2.965467069,,2.475190933,71.22817262,1.420174391,0,0.2114650933,17.55553176,1.864146841,0,2.279851289,,2.965467069,193.47,G_PER_KWH,,,,,,Fuel Conversion Factors - DEFRA EPA 2021
Peru - PE - electricityMap 2020,,,104.01,G_PER_KWH,,,PE,"Based on data from electricityMap API, a global electricity emissions database. For more information, please visit api.electricitymap.org.",2020,3.639714168,0.04179694276,0.09620212205,0.4250749993,16.815036,77.38442709,0,1.597748683,0,,0,,3.639714168,0.04179694276,0.09620212205,0.4250749993,16.815036,77.38442709,0,1.597748683,0,,0,104.01,G_PER_KWH,,,,,,Fuel Conversion Factors - DEFRA EPA 2021
Poland - PL - electricityMap 2020,,,629.43,G_PER_KWH,,,PL,"Based on data from electricityMap API, a global electricity emissions database. For more information, please visit api.electricitymap.org.",2020,0.9524881226,1.060225503,10.62038087,0,1.544065157,74.68607158,9.888530262,0,1.248238501,,0,,0.9524881226,1.060225503,10.62038087,0,1.544065157,74.68607158,9.888530262,0,1.248238501,,0,629.43,G_PER_KWH,,,,,,Fuel Conversion Factors - DEFRA EPA 2021
Portugal - PT - electricityMap 2020,,,259.09,G_PER_KWH,,,PT,"Based on data from electricityMap API, a global electricity emissions database. For more information, please visit api.electricitymap.org.",2020,0,20.30617154,26.42342027,0,6.419260715,9.515549869,34.81576228,0,2.103502479,,0.4163328403,,0,20.30617154,26.42342027,0,6.419260715,9.515549869,34.81576228,0,2.103502479,,0.4163328403,259.09,G_PER_KWH,,,,,,Fuel Conversion Factors - DEFRA EPA 2021
Reunion - RE - electricityMap 2020,,,502.99,G_PER_KWH,,,RE,"Based on data from electricityMap API, a global electricity emissions database. For more information, please visit api.electricitymap.org.",2020,34.63995581,12.65086061,0.4254065692,0,13.81169629,26.10019235,5.210286273,0,7.161602095,,0,,34.63995581,12.65086061,0.4254065692,0,13.81169629,26.10019235,5.210286273,0,7.161602095,,0,502.99,G_PER_KWH,,,,,,Fuel Conversion Factors - DEFRA EPA 2021
Romania - RO - electricityMap 2020,,,271.06,G_PER_KWH,,,RO,"Based on data from electricityMap API, a global electricity emissions database. For more information, please visit api.electricitymap.org.",2020,0,26.15326914,11.72930887,0,0.976088714,18.8705018,19.03459564,21.63915862,1.597077208,,0,,0,26.15326914,11.72930887,0,0.976088714,18.8705018,19.03459564,21.63915862,1.597077208,,0,271.06,G_PER_KWH,,,,,,Fuel Conversion Factors - DEFRA EPA 2021
Serbia - RS - electricityMap 2020,,,580.16,G_PER_KWH,,,RS,"Based on data from electricityMap API, a global electricity emissions database. For more information, please visit api.electricitymap.org.",2020,0,25.25948873,0,0,0.5687026394,72.8955328,0.03730143617,0,0,,1.238974394,,0,25.25948873,0,0,0.5687026394,72.8955328,0.03730143617,0,0,,1.238974394,580.16,G_PER_KWH,,,,,,Fuel Conversion Factors - DEFRA EPA 2021
Russia - European Russia and Ural - RU-1 - electricityMap 2020,,,350.77,G_PER_KWH,,,RU,"Based on data from electricityMap API, a global electricity emissions database. For more information, please visit api.electricitymap.org.",2020,0,6.409518029,0,0,0,0,0,26.74031202,0.1258628538,,66.7243071,,0,6.409518029,0,0,0,0,0,26.74031202,0.1258628538,,66.7243071,350.77,G_PER_KWH,,,,,European Russia and Ural,Fuel Conversion Factors - DEFRA EPA 2021
Russia - Siberia - RU-2 - electricityMap 2020,,,502.63,G_PER_KWH,,,RU,"Based on data from electricityMap API, a global electricity emissions database. For more information, please visit api.electricitymap.org.",2020,0,36.95331997,0,0,0,0,0,0,0.06578332692,,62.9808967,,0,36.95331997,0,0,0,0,0,0,0.06578332692,,62.9808967,502.63,G_PER_KWH,,,,,Siberia,Fuel Conversion Factors - DEFRA EPA 2021
Sweden - SE - electricityMap 2020,,,38.84,G_PER_KWH,,,SE,"Based on data from electricityMap API, a global electricity emissions database. For more information, please visit api.electricitymap.org.",2020,0,46.2082646,18.01465838,0,0,0,0,28.84864906,0,,6.928427954,,0,46.2082646,18.01465838,0,0,0,0,28.84864906,0,,6.928427954,38.84,G_PER_KWH,,,,,,Fuel Conversion Factors - DEFRA EPA 2021
Singapore - SG - electricityMap 2020,,,492.25,G_PER_KWH,,,SG,"Based on data from electricityMap API, a global electricity emissions database. For more information, please visit api.electricitymap.org.",2020,0,0,0,0,0,0,97.36684833,0,0.5807830933,,2.052368581,,0,0,0,0,0,0,97.36684833,0,0.5807830933,,2.052368581,492.25,G_PER_KWH,,,,,,Fuel Conversion Factors - DEFRA EPA 2021
Slovenia - SI - electricityMap 2020,,,253.05,G_PER_KWH,,,SI,"Based on data from electricityMap API, a global electricity emissions database. For more information, please visit api.electricitymap.org.",2020,0,32.52280748,0.03463793929,0,1.15223148,28.23655588,2.831183108,33.972633,1.249951116,,0,,0,32.52280748,0.03463793929,0,1.15223148,28.23655588,2.831183108,33.972633,1.249951116,,0,253.05,G_PER_KWH,,,,,,Fuel Conversion Factors - DEFRA EPA 2021
Slovakia - SK - electricityMap 2020,,,262.67,G_PER_KWH,,,SK,"Based on data from electricityMap API, a global electricity emissions database. For more information, please visit api.electricitymap.org.",2020,1.435778245,15.63442967,0.01679191126,0,2.983448848,4.906471846,12.63016014,54.99283256,1.089518936,,6.310567848,,1.435778245,15.63442967,0.01679191126,0,2.983448848,4.906471846,12.63016014,54.99283256,1.089518936,,6.310567848,262.67,G_PER_KWH,,,,,,Fuel Conversion Factors - DEFRA EPA 2021
El Salvador - SV - electricityMap 2020,,,128.55,G_PER_KWH,,,SV,"Based on data from electricityMap API, a global electricity emissions database. For more information, please visit api.electricitymap.org.",2020,12.78197011,53.30385074,0,24.07359115,2.191377083,0,0,0,7.649210916,,0,,12.78197011,53.30385074,0,24.07359115,2.191377083,0,0,0,7.649210916,,0,128.55,G_PER_KWH,,,,,,Fuel Conversion Factors - DEFRA EPA 2021
Turkey - TR - electricityMap 2020,,,479.76,G_PER_KWH,,,TR,"Based on data from electricityMap API, a global electricity emissions database. For more information, please visit api.electricitymap.org.",2020,0.1039570041,17.0467955,7.799644388,3.121423166,1.348822051,37.68018041,32.51728667,0,0.1285784431,,0.2533123594,,0.1039570041,17.0467955,7.799644388,3.121423166,1.348822051,37.68018041,32.51728667,0,0.1285784431,,0.2533123594,479.76,G_PER_KWH,,,,,,Fuel Conversion Factors - DEFRA EPA 2021
Taiwan - TW - electricityMap 2020,,,533.11,G_PER_KWH,,,TW,"Based on data from electricityMap API, a global electricity emissions database. For more information, please visit api.electricitymap.org.",2020,1.273412642,1.143976112,1.334099259,0,0,35.4330949,42.53416848,12.86457422,2.148285497,,3.26838889,,1.273412642,1.143976112,1.334099259,0,0,35.4330949,42.53416848,12.86457422,2.148285497,,3.26838889,533.11,G_PER_KWH,,,,,,Fuel Conversion Factors - DEFRA EPA 2021
Ukraine - UA - electricityMap 2020,,,318.78,G_PER_KWH,,,UA,"Based on data from electricityMap API, a global electricity emissions database. For more information, please visit api.electricitymap.org.",2020,0,4.870393426,0,0,0,31.83479807,10.1177,48.62775387,0,,4.549354637,,0,4.870393426,0,0,0,31.83479807,10.1177,48.62775387,0,,4.549354637,318.78,G_PER_KWH,,,,,,Fuel Conversion Factors - DEFRA EPA 2021
United States - Balancing Authority Of Northern California - US-CAL-BANC - electricityMap 2020,,,280.49,G_PER_KWH,,,US,"Based on data from electricityMap API, a global electricity emissions database. For more information, please visit api.electricitymap.org.",2020,0,24.40374592,0,0,0,0,71.91281033,0,2.605974031,,1.077469716,,0,24.40374592,0,0,0,0,71.91281033,0,2.605974031,,1.077469716,280.49,G_PER_KWH,,,,,Balancing Authority Of Northern California,Fuel Conversion Factors - DEFRA EPA 2021
United States - California Independent System Operator - US-CAL-CISO - electricityMap 2020,,,297.77,G_PER_KWH,,,US,"Based on data from electricityMap API, a global electricity emissions database. For more information, please visit api.electricitymap.org.",2020,0,7.612537659,7.400589273,5.10007194,2.412212687,0.07933894854,54.64964279,6.894712193,15.85089451,,0,,0,7.612537659,7.400589273,5.10007194,2.412212687,0.07933894854,54.64964279,6.894712193,15.85089451,,0,297.77,G_PER_KWH,,,,,California Independent System Operator,Fuel Conversion Factors - DEFRA EPA 2021
United States - Imperial Irrigation District - US-CAL-IID - electricityMap 2020,,,597.84,G_PER_KWH,,,US,"Based on data from electricityMap API, a global electricity emissions database. For more information, please visit api.electricitymap.org.",2020,0,3.280131703,0,0,0,0,14.44837088,0,6.733657783,,75.53783964,,0,3.280131703,0,0,0,0,14.44837088,0,6.733657783,,75.53783964,597.84,G_PER_KWH,,,,,Imperial Irrigation District,Fuel Conversion Factors - DEFRA EPA 2021
United States - Los Angeles Department Of Water And Power - US-CAL-LDWP - electricityMap 2020,,,398.86,G_PER_KWH,,,US,"Based on data from electricityMap API, a global electricity emissions database. For more information, please visit api.electricitymap.org.",2020,0,3.143454402,2.829481237,0,0,34.25540455,40.94179528,0,10.81293183,,8.016932703,,0,3.143454402,2.829481237,0,0,34.25540455,40.94179528,0,10.81293183,,8.016932703,398.86,G_PER_KWH,,,,,Los Angeles Department Of Water And Power,Fuel Conversion Factors - DEFRA EPA 2021
United States - Turlock Irrigation District - US-CAL-TIDC - electricityMap 2020,,,353.76,G_PER_KWH,,,US,"Based on data from electricityMap API, a global electricity emissions database. For more information, please visit api.electricitymap.org.",2020,0,5.899285975,0,0,0,0,94.10071403,0,0,,0,,0,5.899285975,0,0,0,0,94.10071403,0,0,,0,353.76,G_PER_KWH,,,,,Turlock Irrigation District,Fuel Conversion Factors - DEFRA EPA 2021
United States - Duke Energy Progress East - US-CAR-CPLE - electricityMap 2020,,,297.68,G_PER_KWH,,,US,"Based on data from electricityMap API, a global electricity emissions database. For more information, please visit api.electricitymap.org.",2020,0.0305977226,0.7286185842,0,0,0,11.37361835,19.68874839,48.06541148,6.889478703,,13.22352676,,0.0305977226,0.7286185842,0,0,0,11.37361835,19.68874839,48.06541148,6.889478703,,13.22352676,297.68,G_PER_KWH,,,,,Duke Energy Progress East,Fuel Conversion Factors - DEFRA EPA 2021
United States - Duke Energy Progress West - US-CAR-CPLW - electricityMap 2020,,,425.32,G_PER_KWH,,,US,"Based on data from electricityMap API, a global electricity emissions database. For more information, please visit api.electricitymap.org.",2020,1.203157361,13.4799482,0,0,0,0,56.96051139,0,1.106043669,,27.25033939,,1.203157361,13.4799482,0,0,0,0,56.96051139,0,1.106043669,,27.25033939,425.32,G_PER_KWH,,,,,Duke Energy Progress West,Fuel Conversion Factors - DEFRA EPA 2021
United States - Duke Energy Carolinas - US-CAR-DUK - electricityMap 2020,,,250.98,G_PER_KWH,,,US,"Based on data from electricityMap API, a global electricity emissions database. For more information, please visit api.electricitymap.org.",2020,0,6.662135336,0,0,0,15.44818113,20.57623285,56.38494643,0.8391590174,,0.08934523236,,0,6.662135336,0,0,0,15.44818113,20.57623285,56.38494643,0.8391590174,,0.08934523236,250.98,G_PER_KWH,,,,,Duke Energy Carolinas,Fuel Conversion Factors - DEFRA EPA 2021
United States - South Carolina Public Service Authority - US-CAR-SC - electricityMap 2020,,,489.34,G_PER_KWH,,,US,"Based on data from electricityMap API, a global electricity emissions database. For more information, please visit api.electricitymap.org.",2020,0.002997379541,4.486877445,0,0,0,51.29743976,25.21976497,15.67302141,0.07782736761,,3.242071657,,0.002997379541,4.486877445,0,0,0,51.29743976,25.21976497,15.67302141,0.07782736761,,3.242071657,489.34,G_PER_KWH,,,,,South Carolina Public Service Authority,Fuel Conversion Factors - DEFRA EPA 2021
United States - South Carolina Electric & Gas Company - US-CAR-SCEG - electricityMap 2020,,,383,G_PER_KWH,,,US,"Based on data from electricityMap API, a global electricity emissions database. For more information, please visit api.electricitymap.org.",2020,0,3.30225373,0,0,0,16.17432306,48.72569454,25.07881466,6.611291408,,0.107622611,,0,3.30225373,0,0,0,16.17432306,48.72569454,25.07881466,6.611291408,,0.107622611,383,G_PER_KWH,,,,,South Carolina Electric & Gas Company,Fuel Conversion Factors - DEFRA EPA 2021
"United States - Alcoa Power Generating, Inc. Yadkin Division - US-CAR-YAD - electricityMap 2020",,,28.21,G_PER_KWH,,,US,"Based on data from electricityMap API, a global electricity emissions database. For more information, please visit api.electricitymap.org.",2020,0,100,0,0,0,0,0,0,0,,0,,0,100,0,0,0,0,0,0,0,,0,28.21,G_PER_KWH,,,,,"Alcoa Power Generating, Inc. Yadkin Division",Fuel Conversion Factors - DEFRA EPA 2021
United States - Southwestern Power Administration - US-CENT-SPA - electricityMap 2020,,,265.75,G_PER_KWH,,,US,"Based on data from electricityMap API, a global electricity emissions database. For more information, please visit api.electricitymap.org.",2020,0,67.84468536,0,0,0,0,0,0,0,,32.15531464,,0,67.84468536,0,0,0,0,0,0,0,,32.15531464,265.75,G_PER_KWH,,,,,Southwestern Power Administration,Fuel Conversion Factors - DEFRA EPA 2021
United States - Southwest Power Pool - US-CENT-SWPP - electricityMap 2020,,,388.33,G_PER_KWH,,,US,"Based on data from electricityMap API, a global electricity emissions database. For more information, please visit api.electricitymap.org.",2020,0.01754948523,3.562605965,34.17732208,0,0.03697910195,32.68065879,23.12668786,6.105824726,0.2028082761,,0.08956372297,,0.01754948523,3.562605965,34.17732208,0,0.03697910195,32.68065879,23.12668786,6.105824726,0.2028082761,,0.08956372297,388.33,G_PER_KWH,,,,,Southwest Power Pool,Fuel Conversion Factors - DEFRA EPA 2021
United States - Florida Municipal Power Pool - US-FLA-FMPP - electricityMap 2020,,,573.45,G_PER_KWH,,,US,"Based on data from electricityMap API, a global electricity emissions database. For more information, please visit api.electricitymap.org.",2020,5.361882523,0,0,0,0,37.64954469,49.32889117,5.847601821,1.061068942,,0.7510108545,,5.361882523,0,0,0,0,37.64954469,49.32889117,5.847601821,1.061068942,,0.7510108545,573.45,G_PER_KWH,,,,,Florida Municipal Power Pool,Fuel Conversion Factors - DEFRA EPA 2021
United States - Duke Energy Florida Inc - US-FLA-FPC - electricityMap 2020,,,500.48,G_PER_KWH,,,US,"Based on data from electricityMap API, a global electricity emissions database. For more information, please visit api.electricitymap.org.",2020,0.05574776746,0.6538391876,0,0,0,7.194606808,89.0956077,0,1.507139841,,1.4930587,,0.05574776746,0.6538391876,0,0,0,7.194606808,89.0956077,0,1.507139841,,1.4930587,500.48,G_PER_KWH,,,,,Duke Energy Florida Inc,Fuel Conversion Factors - DEFRA EPA 2021
United States - Florida Power & Light Company - US-FLA-FPL - electricityMap 2020,,,409.11,G_PER_KWH,,,US,"Based on data from electricityMap API, a global electricity emissions database. For more information, please visit api.electricitymap.org.",2020,0.00006044635208,0,0,0,0,0,63.6292149,22.2637117,2.777323889,,11.32968906,,0.00006044635208,0,0,0,0,0,63.6292149,22.2637117,2.777323889,,11.32968906,409.11,G_PER_KWH,,,,,Florida Power & Light Company,Fuel Conversion Factors - DEFRA EPA 2021
United States - Gainesville Regional Utilities - US-FLA-GVL - electricityMap 2020,,,586.08,G_PER_KWH,,,US,"Based on data from electricityMap API, a global electricity emissions database. For more information, please visit api.electricitymap.org.",2020,0,0,0,0,0,30.88175057,58.76251282,0,0,,10.3557366,,0,0,0,0,0,30.88175057,58.76251282,0,0,,10.3557366,586.08,G_PER_KWH,,,,,Gainesville Regional Utilities,Fuel Conversion Factors - DEFRA EPA 2021
United States - City Of Homestead - US-FLA-HST - electricityMap 2020,,,0.32,G_PER_KWH,,,US,"Based on data from electricityMap API, a global electricity emissions database. For more information, please visit api.electricitymap.org.",2020,0,0,0,0,0,0,100,0,0,,0,,0,0,0,0,0,0,100,0,0,,0,0.32,G_PER_KWH,,,,,City Of Homestead,Fuel Conversion Factors - DEFRA EPA 2021
United States - JEA - US-FLA-JEA - electricityMap 2020,,,572.77,G_PER_KWH,,,US,"Based on data from electricityMap API, a global electricity emissions database. For more information, please visit api.electricitymap.org.",2020,0.01132943515,0,0,0,0,40.56858552,58.60572685,0,0.495572713,,0.3187854845,,0.01132943515,0,0,0,0,40.56858552,58.60572685,0,0.495572713,,0.3187854845,572.77,G_PER_KWH,,,,,JEA,Fuel Conversion Factors - DEFRA EPA 2021
United States - Seminole Electric Cooperative - US-FLA-SEC - electricityMap 2020,,,681.87,G_PER_KWH,,,US,"Based on data from electricityMap API, a global electricity emissions database. For more information, please visit api.electricitymap.org.",2020,0,0,0,0,0,60.53942884,39.43465591,0,0.0259152451,,0,,0,0,0,0,0,60.53942884,39.43465591,0,0.0259152451,,0,681.87,G_PER_KWH,,,,,Seminole Electric Cooperative,Fuel Conversion Factors - DEFRA EPA 2021
United States - City Of Tallahassee - US-FLA-TAL - electricityMap 2020,,,473.21,G_PER_KWH,,,US,"Based on data from electricityMap API, a global electricity emissions database. For more information, please visit api.electricitymap.org.",2020,0,0,0,0,0,0,98.77990148,0,1.220098517,,0,,0,0,0,0,0,0,98.77990148,0,1.220098517,,0,473.21,G_PER_KWH,,,,,City Of Tallahassee,Fuel Conversion Factors - DEFRA EPA 2021
United States - Tampa Electric Company - US-FLA-TEC - electricityMap 2020,,,555.08,G_PER_KWH,,,US,"Based on data from electricityMap API, a global electricity emissions database. For more information, please visit api.electricitymap.org.",2020,0.004280610988,0,0,0,0,15.94194999,62.11589985,0,4.489221482,,17.44864807,,0.004280610988,0,0,0,0,15.94194999,62.11589985,0,4.489221482,,17.44864807,555.08,G_PER_KWH,,,,,Tampa Electric Company,Fuel Conversion Factors - DEFRA EPA 2021
United States - Oahu - US-HI-OA - electricityMap 2020,,,614.57,G_PER_KWH,,,US,"Based on data from electricityMap API, a global electricity emissions database. For more information, please visit api.electricitymap.org.",2020,69.51949873,0,2.798553519,0,5.936015041,17.93384808,0,0,3.812084623,,0,,69.51949873,0,2.798553519,0,5.936015041,17.93384808,0,0,3.812084623,,0,614.57,G_PER_KWH,,,,,Oahu,Fuel Conversion Factors - DEFRA EPA 2021
"United States - PJM Interconnection, Llc - US-MIDA-PJM - electricityMap 2020",,,362.6,G_PER_KWH,,,US,"Based on data from electricityMap API, a global electricity emissions database. For more information, please visit api.electricitymap.org.",2020,0.2428933883,1.73421824,3.71209474,0,0,19.86826703,37.25513884,35.26115424,0.4470943774,,1.479139148,,0.2428933883,1.73421824,3.71209474,0,0,19.86826703,37.25513884,35.26115424,0.4470943774,,1.479139148,362.6,G_PER_KWH,,,,,"PJM Interconnection, Llc",Fuel Conversion Factors - DEFRA EPA 2021
"United States - Associated Electric Cooperative, Inc. - US-MIDW-AECI - electricityMap 2020",,,596.62,G_PER_KWH,,,US,"Based on data from electricityMap API, a global electricity emissions database. For more information, please visit api.electricitymap.org.",2020,0,0,11.73731485,0,0,63.99478387,24.26790128,0,0,,0,,0,0,11.73731485,0,0,63.99478387,24.26790128,0,0,,0,596.62,G_PER_KWH,,,,,"Associated Electric Cooperative, Inc.",Fuel Conversion Factors - DEFRA EPA 2021
"United States - Electric Energy, Inc. - US-MIDW-EEI - electricityMap 2020",,,,G_PER_KWH,,,US,"Based on data from electricityMap API, a global electricity emissions database. For more information, please visit api.electricitymap.org.",2020,#DIV/0!,#DIV/0!,#DIV/0!,#DIV/0!,#DIV/0!,#DIV/0!,#DIV/0!,#DIV/0!,#DIV/0!,,#DIV/0!,,#DIV/0!,#DIV/0!,#DIV/0!,#DIV/0!,#DIV/0!,#DIV/0!,#DIV/0!,#DIV/0!,#DIV/0!,,#DIV/0!,,G_PER_KWH,,,,,"Electric Energy, Inc.",Fuel Conversion Factors - DEFRA EPA 2021
United States - Louisville Gas And Electric Company And Kentucky Utilities - US-MIDW-LGEE - electricityMap 2020,,,725.06,G_PER_KWH,,,US,"Based on data from electricityMap API, a global electricity emissions database. For more information, please visit api.electricitymap.org.",2020,0,1.282799745,0,0,0,86.95659668,11.71611991,0,0.04448366667,,0,,0,1.282799745,0,0,0,86.95659668,11.71611991,0,0.04448366667,,0,725.06,G_PER_KWH,,,,,Louisville Gas And Electric Company And Kentucky Utilities,Fuel Conversion Factors - DEFRA EPA 2021
"United States - Midcontinent Independent Transmission System Operator, Inc.. - US-MIDW-MISO - electricityMap 2020",,,443.42,G_PER_KWH,,,US,"Based on data from electricityMap API, a global electricity emissions database. For more information, please visit api.electricitymap.org.",2020,2.784700486,1.736808099,14.9825959,0,0,35.88290004,27.82280862,15.66309068,0.1224168685,,1.0046793,,2.784700486,1.736808099,14.9825959,0,0,35.88290004,27.82280862,15.66309068,0.1224168685,,1.0046793,443.42,G_PER_KWH,,,,,"Midcontinent Independent Transmission System Operator, Inc..",Fuel Conversion Factors - DEFRA EPA 2021
United States - Iso New England Inc. - US-NE-ISNE - electricityMap 2020,,,250.26,G_PER_KWH,,,US,"Based on data from electricityMap API, a global electricity emissions database. For more information, please visit api.electricitymap.org.",2020,1.312397753,6.455127279,4.38908746,0,6.049872434,0.661902627,52.53694644,27.973604,0.6210620154,,0,,1.312397753,6.455127279,4.38908746,0,6.049872434,0.661902627,52.53694644,27.973604,0.6210620154,,0,250.26,G_PER_KWH,,,,,Iso New England Inc.,Fuel Conversion Factors - DEFRA EPA 2021
United States - Avista Corporation - US-NW-AVA - electricityMap 2020,,,204.51,G_PER_KWH,,,US,"Based on data from electricityMap API, a global electricity emissions database. For more information, please visit api.electricitymap.org.",2020,0,50.08847598,6.097047025,0,0,0,30.74557297,0,0.3698930377,,12.69901099,,0,50.08847598,6.097047025,0,0,0,30.74557297,0,0.3698930377,,12.69901099,204.51,G_PER_KWH,,,,,Avista Corporation,Fuel Conversion Factors - DEFRA EPA 2021
United States - Bonneville Power Administration - US-NW-BPAT - electricityMap 2020,,,77.85,G_PER_KWH,,,US,"Based on data from electricityMap API, a global electricity emissions database. For more information, please visit api.electricitymap.org.",2020,0,71.8260597,7.34533418,0,0,0,6.949735885,11.66317874,0.1934952664,,2.022196228,,0,71.8260597,7.34533418,0,0,0,6.949735885,11.66317874,0.1934952664,,2.022196228,77.85,G_PER_KWH,,,,,Bonneville Power Administration,Fuel Conversion Factors - DEFRA EPA 2021
United States - PUD No. 1 Of Chelan County - US-NW-CHPD - electricityMap 2020,,,28.06,G_PER_KWH,,,US,"Based on data from electricityMap API, a global electricity emissions database. For more information, please visit api.electricitymap.org.",2020,0,99.71971908,0.2802809215,0,0,0,0,0,0,,0,,0,99.71971908,0.2802809215,0,0,0,0,0,0,,0,28.06,G_PER_KWH,,,,,PUD No. 1 Of Chelan County,Fuel Conversion Factors - DEFRA EPA 2021
United States - PUD No. 1 Of Douglas County - US-NW-DOPD - electricityMap 2020,,,26.5,G_PER_KWH,,,US,"Based on data from electricityMap API, a global electricity emissions database. For more information, please visit api.electricitymap.org.",2020,0,100,0,0,0,0,0,0,0,,0,,0,100,0,0,0,0,0,0,0,,0,26.5,G_PER_KWH,,,,,PUD No. 1 Of Douglas County,Fuel Conversion Factors - DEFRA EPA 2021
"United States - PUD No. 2 Of Grant County, Washington - US-NW-GCPD - electricityMap 2020",,,41.73,G_PER_KWH,,,US,"Based on data from electricityMap API, a global electricity emissions database. For more information, please visit api.electricitymap.org.",2020,0,100,0,0,0,0,0,0,0,,0,,0,100,0,0,0,0,0,0,0,,0,41.73,G_PER_KWH,,,,,"PUD No. 2 Of Grant County, Washington",Fuel Conversion Factors - DEFRA EPA 2021
"United States - Gridforce Energy Management, Llc - US-NW-GRID - electricityMap 2020",,,647.68,G_PER_KWH,,,US,"Based on data from electricityMap API, a global electricity emissions database. For more information, please visit api.electricitymap.org.",2020,0,0,3.194666478,0,0,61.51777864,34.87497123,0,0.4125836609,,0,,0,0,3.194666478,0,0,61.51777864,34.87497123,0,0.4125836609,,0,647.68,G_PER_KWH,,,,,"Gridforce Energy Management, Llc",Fuel Conversion Factors - DEFRA EPA 2021
"United States - Naturener Power Watch, Llc (Gwa) - US-NW-GWA - electricityMap 2020",,,21.43,G_PER_KWH,,,US,"Based on data from electricityMap API, a global electricity emissions database. For more information, please visit api.electricitymap.org.",2020,0,0,100,0,0,0,0,0,0,,0,,0,0,100,0,0,0,0,0,0,,0,21.43,G_PER_KWH,,,,,"Naturener Power Watch, Llc (Gwa)",Fuel Conversion Factors - DEFRA EPA 2021
United States - Idaho Power Company - US-NW-IPCO - electricityMap 2020,,,333.65,G_PER_KWH,,,US,"Based on data from electricityMap API, a global electricity emissions database. For more information, please visit api.electricitymap.org.",2020,0.01291577638,48.96759894,17.58140128,0,0,0,23.99968109,0,5.139873075,,4.298529834,,0.01291577638,48.96759894,17.58140128,0,0,0,23.99968109,0,5.139873075,,4.298529834,333.65,G_PER_KWH,,,,,Idaho Power Company,Fuel Conversion Factors - DEFRA EPA 2021
United States - Nevada Power Company - US-NW-NEVP - electricityMap 2020,,,471.03,G_PER_KWH,,,US,"Based on data from electricityMap API, a global electricity emissions database. For more information, please visit api.electricitymap.org.",2020,0.0001084130925,0.08555764145,1.034694555,0,0,6.34671926,73.68745255,0,6.684514745,,12.16095284,,0.0001084130925,0.08555764145,1.034694555,0,0,6.34671926,73.68745255,0,6.684514745,,12.16095284,471.03,G_PER_KWH,,,,,Nevada Power Company,Fuel Conversion Factors - DEFRA EPA 2021
United States - Northwestern Energy - US-NW-NWMT - electricityMap 2020,,,441.21,G_PER_KWH,,,US,"Based on data from electricityMap API, a global electricity emissions database. For more information, please visit api.electricitymap.org.",2020,3.45738481,25.08288431,12.63596864,0,0,56.55234844,2.105750541,0,0.1656632587,,0,,3.45738481,25.08288431,12.63596864,0,0,56.55234844,2.105750541,0,0.1656632587,,0,441.21,G_PER_KWH,,,,,Northwestern Energy,Fuel Conversion Factors - DEFRA EPA 2021
United States - Pacificorp East - US-NW-PACE - electricityMap 2020,,,552.91,G_PER_KWH,,,US,"Based on data from electricityMap API, a global electricity emissions database. For more information, please visit api.electricitymap.org.",2020,0,1.416675544,15.0060945,0,0,56.52801055,19.84507636,0,5.133323802,,2.070819237,,0,1.416675544,15.0060945,0,0,56.52801055,19.84507636,0,5.133323802,,2.070819237,552.91,G_PER_KWH,,,,,Pacificorp East,Fuel Conversion Factors - DEFRA EPA 2021
United States - Pacificorp West - US-NW-PACW - electricityMap 2020,,,335.06,G_PER_KWH,,,US,"Based on data from electricityMap API, a global electricity emissions database. For more information, please visit api.electricitymap.org.",2020,0,15.21621922,14.4705977,0,0,63.66957412,0,0,3.84739372,,2.796215235,,0,15.21621922,14.4705977,0,0,63.66957412,0,0,3.84739372,,2.796215235,335.06,G_PER_KWH,,,,,Pacificorp West,Fuel Conversion Factors - DEFRA EPA 2021
United States - Portland General Electric Company - US-NW-PGE - electricityMap 2020,,,167.41,G_PER_KWH,,,US,"Based on data from electricityMap API, a global electricity emissions database. For more information, please visit api.electricitymap.org.",2020,0,27.2549729,0,0,0,0,71.13740669,0,0,,1.607620407,,0,27.2549729,0,0,0,0,71.13740669,0,0,,1.607620407,167.41,G_PER_KWH,,,,,Portland General Electric Company,Fuel Conversion Factors - DEFRA EPA 2021
United States - Public Service Company Of Colorado - US-NW-PSCO - electricityMap 2020,,,450.72,G_PER_KWH,,,US,"Based on data from electricityMap API, a global electricity emissions database. For more information, please visit api.electricitymap.org.",2020,0.000354647202,0.4375250409,30.53755131,0,0,32.36169692,34.53640547,0,2.12646661,,0,,0.000354647202,0.4375250409,30.53755131,0,0,32.36169692,34.53640547,0,2.12646661,,0,450.72,G_PER_KWH,,,,,Public Service Company Of Colorado,Fuel Conversion Factors - DEFRA EPA 2021
United States - Puget Sound Energy - US-NW-PSEI - electricityMap 2020,,,207.58,G_PER_KWH,,,US,"Based on data from electricityMap API, a global electricity emissions database. For more information, please visit api.electricitymap.org.",2020,0.002483202906,27.55092757,8.675517999,0,0,12.18985526,50.77260998,0,0,,0.8086059886,,0.002483202906,27.55092757,8.675517999,0,0,12.18985526,50.77260998,0,0,,0.8086059886,207.58,G_PER_KWH,,,,,Puget Sound Energy,Fuel Conversion Factors - DEFRA EPA 2021
"United States - City Of Tacoma, Department Of Public Utilities, Light Division - US-NW-TPWR - electricityMap 2020",,,66.36,G_PER_KWH,,,US,"Based on data from electricityMap API, a global electricity emissions database. For more information, please visit api.electricitymap.org.",2020,0,100,0,0,0,0,0,0,0,,0,,0,100,0,0,0,0,0,0,0,,0,66.36,G_PER_KWH,,,,,"City Of Tacoma, Department Of Public Utilities, Light Division",Fuel Conversion Factors - DEFRA EPA 2021
United States - Western Area Power Administration - Rocky Mountain Region - US-NW-WACM - electricityMap 2020,,,581.31,G_PER_KWH,,,US,"Based on data from electricityMap API, a global electricity emissions database. For more information, please visit api.electricitymap.org.",2020,0,17.58511276,9.89811632,0,0,70.49633646,1.513923699,0,0.5065107618,,0,,0,17.58511276,9.89811632,0,0,70.49633646,1.513923699,0,0.5065107618,,0,581.31,G_PER_KWH,,,,,Western Area Power Administration - Rocky Mountain Region,Fuel Conversion Factors - DEFRA EPA 2021
United States - Western Area Power Administration UGP West - US-NW-WAUW - electricityMap 2020,,,258.92,G_PER_KWH,,,US,"Based on data from electricityMap API, a global electricity emissions database. For more information, please visit api.electricitymap.org.",2020,0,100,0,0,0,0,0,0,0,,0,,0,100,0,0,0,0,0,0,0,,0,258.92,G_PER_KWH,,,,,Western Area Power Administration UGP West,Fuel Conversion Factors - DEFRA EPA 2021
"United States - Naturener Wind Watch, Llc - US-NW-WWA - electricityMap 2020",,,9.93,G_PER_KWH,,,US,"Based on data from electricityMap API, a global electricity emissions database. For more information, please visit api.electricitymap.org.",2020,0,0,100,0,0,0,0,0,0,,0,,0,0,100,0,0,0,0,0,0,,0,9.93,G_PER_KWH,,,,,"Naturener Wind Watch, Llc",Fuel Conversion Factors - DEFRA EPA 2021
United States - Powersouth Energy Cooperative - US-SE-AEC - electricityMap 2020,,,477.83,G_PER_KWH,,,US,"Based on data from electricityMap API, a global electricity emissions database. For more information, please visit api.electricitymap.org.",2020,0,0.3996596779,0,0,0,0,98.62678324,0,0,,0.9735570845,,0,0.3996596779,0,0,0,0,98.62678324,0,0,,0.9735570845,477.83,G_PER_KWH,,,,,Powersouth Energy Cooperative,Fuel Conversion Factors - DEFRA EPA 2021
United States - Southeastern Power Administration - US-SE-SEPA - electricityMap 2020,,,52.25,G_PER_KWH,,,US,"Based on data from electricityMap API, a global electricity emissions database. For more information, please visit api.electricitymap.org.",2020,0,100,0,0,0,0,0,0,0,,0,,0,100,0,0,0,0,0,0,0,,0,52.25,G_PER_KWH,,,,,Southeastern Power Administration,Fuel Conversion Factors - DEFRA EPA 2021
"United States - Southern Company Services, Inc. - Trans - US-SE-SOCO - electricityMap 2020",,,421.11,G_PER_KWH,,,US,"Based on data from electricityMap API, a global electricity emissions database. For more information, please visit api.electricitymap.org.",2020,0.00236201966,4.330865336,0,0,0,20.18864965,51.20628928,21.08383916,1.939811966,,1.248182587,,0.00236201966,4.330865336,0,0,0,20.18864965,51.20628928,21.08383916,1.939811966,,1.248182587,421.11,G_PER_KWH,,,,,"Southern Company Services, Inc. - Trans",Fuel Conversion Factors - DEFRA EPA 2021
United States - Arizona Public Service Company - US-SW-AZPS - electricityMap 2020,,,434.04,G_PER_KWH,,,US,"Based on data from electricityMap API, a global electricity emissions database. For more information, please visit api.electricitymap.org.",2020,0,0,0,0,0,39.82361016,51.57202978,0,7.392988354,,1.2113717,,0,0,0,0,0,39.82361016,51.57202978,0,7.392988354,,1.2113717,434.04,G_PER_KWH,,,,,Arizona Public Service Company,Fuel Conversion Factors - DEFRA EPA 2021
United States - El Paso Electric Company - US-SW-EPE - electricityMap 2020,,,490.05,G_PER_KWH,,,US,"Based on data from electricityMap API, a global electricity emissions database. For more information, please visit api.electricitymap.org.",2020,0,0,0,0,0,0,93.71320382,0,6.286796182,,0,,0,0,0,0,0,0,93.71320382,0,6.286796182,,0,490.05,G_PER_KWH,,,,,El Paso Electric Company,Fuel Conversion Factors - DEFRA EPA 2021
"United States - Griffith Energy, LLC - US-SW-GRIF - electricityMap 2020",,,282.96,G_PER_KWH,,,US,"Based on data from electricityMap API, a global electricity emissions database. For more information, please visit api.electricitymap.org.",2020,0,0,0,0,0,0,100,0,0,,0,,0,0,0,0,0,0,100,0,0,,0,282.96,G_PER_KWH,,,,,"Griffith Energy, LLC",Fuel Conversion Factors - DEFRA EPA 2021
United States - Public Service Company Of New Mexico - US-SW-PNM - electricityMap 2020,,,527.53,G_PER_KWH,,,US,"Based on data from electricityMap API, a global electricity emissions database. For more information, please visit api.electricitymap.org.",2020,0,0.1919675677,16.28546619,0,0,46.10146286,30.93059122,0,6.055808304,,0.434703858,,0,0.1919675677,16.28546619,0,0,46.10146286,30.93059122,0,6.055808304,,0.434703858,527.53,G_PER_KWH,,,,,Public Service Company Of New Mexico,Fuel Conversion Factors - DEFRA EPA 2021
United States - Salt River Project - US-SW-SRP - electricityMap 2020,,,290.26,G_PER_KWH,,,US,"Based on data from electricityMap API, a global electricity emissions database. For more information, please visit api.electricitymap.org.",2020,0,0.4191514741,0.2810308363,0,0,4.42413897,46.20795174,47.42905794,1.216185708,,0.022483336,,0,0.4191514741,0.2810308363,0,0,4.42413897,46.20795174,47.42905794,1.216185708,,0.022483336,290.26,G_PER_KWH,,,,,Salt River Project,Fuel Conversion Factors - DEFRA EPA 2021
United States - Tucson Electric Power Company - US-SW-TEPC - electricityMap 2020,,,561.58,G_PER_KWH,,,US,"Based on data from electricityMap API, a global electricity emissions database. For more information, please visit api.electricitymap.org.",2020,0,0,3.686958977,0,0,55.55034043,35.93616101,0,4.826539591,,0,,0,0,3.686958977,0,0,55.55034043,35.93616101,0,4.826539591,,0,561.58,G_PER_KWH,,,,,Tucson Electric Power Company,Fuel Conversion Factors - DEFRA EPA 2021
United States - Western Area Power Administration - Desert Southwest Region - US-SW-WALC - electricityMap 2020,,,389.48,G_PER_KWH,,,US,"Based on data from electricityMap API, a global electricity emissions database. For more information, please visit api.electricitymap.org.",2020,0,47.20275971,0,0,0,0,51.4702417,0,1.326998592,,0,,0,47.20275971,0,0,0,0,51.4702417,0,1.326998592,,0,389.48,G_PER_KWH,,,,,Western Area Power Administration - Desert Southwest Region,Fuel Conversion Factors - DEFRA EPA 2021
United States - Tennessee Valley Authority - US-TEN-TVA - electricityMap 2020,,,258.13,G_PER_KWH,,,US,"Based on data from electricityMap API, a global electricity emissions database. For more information, please visit api.electricitymap.org.",2020,0,15.67860622,0,0,0,11.65019509,27.97287547,44.33439227,0.2582523941,,0.1056785534,,0,15.67860622,0,0,0,11.65019509,27.97287547,44.33439227,0.2582523941,,0.1056785534,258.13,G_PER_KWH,,,,,Tennessee Valley Authority,Fuel Conversion Factors - DEFRA EPA 2021
"United States - Electric Reliability Council Of Texas, Inc. - US-TEX-ERCO - electricityMap 2020",,,381.05,G_PER_KWH,,,US,"Based on data from electricityMap API, a global electricity emissions database. For more information, please visit api.electricitymap.org.",2020,0,0.0850738694,23.26580965,0,0,20.50708403,42.33809868,11.52127889,2.214715255,,0.06793961949,,0,0.0850738694,23.26580965,0,0,20.50708403,42.33809868,11.52127889,2.214715255,,0.06793961949,381.05,G_PER_KWH,,,,,"Electric Reliability Council Of Texas, Inc.",Fuel Conversion Factors - DEFRA EPA 2021
Uruguay - UY - electricityMap 2020,,,108.51,G_PER_KWH,,,UY,"Based on data from electricityMap API, a global electricity emissions database. For more information, please visit api.electricitymap.org.",2020,11.10635286,38.69549526,38.2286567,0,6.414655529,0,0,0,3.157692835,,2.397146818,,11.10635286,38.69549526,38.2286567,0,6.414655529,0,0,0,3.157692835,,2.397146818,108.51,G_PER_KWH,,,,,,Fuel Conversion Factors - DEFRA EPA 2021